Model,MAE,R2
XGBoost,1.9958490321350988,0.7770811728978133
LightGBM,2.1092389391121573,0.7537024664496377
RandomForest,2.274817713145233,0.693377251984747
LinearRegression,2.9790329520092604,0.5247507648467244
SVR,4.61443203153192,0.013106211508862153
